english,id,name
YongTongLu,41394,永通路
JinHeKeYun,21542,金河客运站(终点站)
JinHeKeYun,21541,金河客运站(终点站)
JinHeKeYun,21540,金河客运站(终点站)
HaiJiaoShi,25909,海椒市(始发站)
HaiJiaoShi,25908,海椒市(终点站)
XinNanTianDi,98048,新南天地
XinNanTianDi,98049,新南天地(始发站)
QianMen,46609,前门
TianFuJiaYuan,20218,天府家园
FXDD Two N,45999,凤溪大道二段北
TianFuJiaYuan,20217,天府家园
ZhiWuYuan,60903,植物园(终点站)
SM Community,3639,SM社区(始发站)
Tree Road,2788,大树街
WenHuaLu E,55566,文化路东
WenHuaLu E,55565,文化路东
YangAnLu M,55329,羊安路中
YangAnLu M,55328,羊安路中
WuXingLu W,17288,武兴路西
YongTongLu,41392,永通路
Bai Hua Lu E,6901,百花路东
YiZhouDD Five,64272,益州大道五段
YiZhouDD Five,64271,益州大道五段
HuaiJinDaDao W,23735,淮金大道西
XingWuLuKou,20224,星空大道武科路口
XingWuLuKou,20223,星空大道武科路口
WuXingLu W,17295,武兴路西
HaiJiaoShi E,25919,海椒市东
ZhiWuYuan,60914,植物园(终点站)
HuaiJinDaDao W,23734,淮金大道西
HaiXiaXinCheng,54004,海峡新城
DongZiMen,56421,东子门
HaiXiaXinCheng,54003,海峡新城
DongZiMen,56422,东子门
Jin He Park,803,金河公园
Guo Cun,3647,郭村
FXDD Two S,45974,凤溪大道二段南
FXDD Two S,45973,凤溪大道二段南
Hua Tu,3660,花土
Jin He Lv You Qu,4991,金河旅游区(终点站)
Hua Tu,3662,花土
HeShengYuan,56670,和盛苑(始发站)
HeShengYuan,56671,和盛苑(终点站)
ZhiWuYuan,60933,植物园(始发站)
ZhiWuYuan,60932,植物园(始发站)
YangAnLu E,55342,羊安路东
YangAnLu E,55341,羊安路东
XiYuanDD FourE,54017,西源大道四段东
Jin He Park,811,金河公园
Avenue One,3654,金河大道一段
Jin He Lv You Qu,4985,金河旅游区(始发站)
XiYuanDD FourE,54018,西源大道四段东
Jin He Lv You Qu,4989,金河旅游区
JinHeKeYun,818,金河客运站(下客点)
BaiSiJie,23713,白丝街
ShaXiXianKou,45720,沙西线口
DT HuiNan,64064,地铁惠南
DongShaXiang,45961,东沙巷
DongShaXiang,45960,东沙巷
JinHeKeYun,21539,金河客运站(终点站)
JinHeKeYun,21538,金河客运站(终点站)
ShuangShuiCun,20206,双水村
JinHeKeYun,21537,金河客运站(终点站)
ShuangShuiCun,20205,双水村
JinHeKeYun,21535,金河客运站(终点站)
BaiSiJie,23712,白丝街
DT MoErBaiHuo,56445,地铁摩尔百货
DongJiaoJiYi S,54024,东郊记忆南
XinTongDD Two W,59713,新通大道二段西
XinNanTianDi,98050,新南天地(终点站)
DongJiaoJiYi S,54023,东郊记忆南
DT MoErBaiHuo,56446,地铁摩尔百货
XinTongDD Two W,59712,新通大道二段西
YangMa,55353,羊马
YangMa,55352,羊马
JinHeKeYun,821,金河客运站(终点站)
JinHeKeYun,822,金河客运站(终点站)
Xing He Yuan,4997,兴和苑
Xing He Yuan,4998,兴和苑
DT HuiNan,64063,地铁惠南
KeHuaLu E,21982,科华路东
YinYingYuan,45953,银杏园
ShaXiXianKou,45719,沙西线口
XinShan Market,28139,新山农贸市场
Shamaojie W,21989,纱帽街西
ShuangXingLu W,26197,双星路西
Willow River N,2104,杨柳河北
ShuangXingLu W,26198,双星路西
YouJiaDu,55369,游家渡
DongJiaoJiYi N,54038,东郊记忆北
DongJiaoJiYi N,54037,东郊记忆北
Willow River N,6944,杨柳河北
BaLiXiaoQu,26192,八里小区(终点站)
JiJiuLu E,27280,机九路东
Shiyouyuan,15075,石油苑
Shiyouyuan,15074,石油苑
NanHuaDaDao N,41580,南华大道北
Jin He Lv You Qu,6962,金河旅游区(终点站)
Willow River S,2121,杨柳河南
YinYingYuan,45945,银杏园(始发站)
Shamaojie M,21999,纱帽街中
YinYingYuan,45944,银杏园(始发站)
Shamaojie M,21998,纱帽街中
YouJiaDu,55370,游家渡
YongJiangLu,6719,涌江路
Huo Che Zhan,27297,火车西站公交站(始发站)
HePingLuKou,98072,和平路口
Hua Yuan Lu,28144,花园路
Huo Che Zhan,27295,火车西站公交站(终点站)
GaoXinDD Two,58642,高新大道二段
JinRongCheng,58400,金融城
HePingLuKou,98071,和平路口
JinRongCheng,58401,金融城
GaoXinDD Two,58643,高新大道二段
XinShan Market,28140,新山农贸市场
Jin He Lv You Qu,6956,金河旅游区(始发站)
YinYingYuan,45931,银杏园(终点站)
TaiAnLu,15288,泰安路
Shuangfenglu ,16134,双丰路
TaiAnLu,15287,泰安路
Shuangfenglu,16133,双丰路
DT YiShuGuan,59980,地铁艺术馆
NanHuaDaDao N,41579,南华大道北
JiJiuLu W,27269,机九路西
HePanLu S,20879,河畔路南
DT YiShuGuan,59981,地铁艺术馆
HePanLu S,20878,河畔路南
HaiXiaKeJiYuan,54053,海峡科技园
ZhengNanLu,55141,正南路
XiYuanDD FiveW,54052,西源大道五段西
GaoTanCui,55382,高滩村
ZhongXiangJie N,21965,忠祥街北
XiYuanDD FiveW,54051,西源大道五段西
GaoTanCui,55381,高滩村
ZhongXiangJie N,21964,忠祥街北
YinYingYuan,45935,银杏园(终点站)
Willow River S,2128,杨柳河南
JinChengXiLu,62905,锦城西路(终点站)
JinChengXiLu,62906,锦城西路(终点站)
HaiXiaKeJiYuan,54054,海峡科技园
Tong Hui Men,6966,通惠门
Tong Hui Men,6965,通惠门
GXRuanJianYuan,59508,高新软件园(终点站)
GXRuanJianYuan,59507,高新软件园(终点站)
GXRuanJianYuan,59509,高新软件园(始发站)
HeJiangKeYun,114518,合江客运(始发站)
ZhongXiangJie S,21974,忠祥街南
Global Center,114519,环球中心(始发站)
Bookshop,16147,新华书店
Willow River N,2141,杨柳河北
HuaDuDD N,56484,花都大道北
LongLiLu,55395,龙里路
ShuangLinLu E,55152,双林路东
LongLiLu,55394,龙里路
ShuangLinLu E,55151,双林路东
GaoPengLuKou,61828,高朋路口
HuaDuDD N,56485,花都大道北
XiaoHeJie,28125,小河街
GaoPengLuKou,61829,高朋路口
XiaoHeJie,28126,小河街
Shuangqiaozi N,2134,双桥子立交北
JiJiuLu E,27277,机九路东
LuDaoLu,5403,鹭岛路
Bookshop,16148,新华书店
BaiHeLin,100125,白鹤林
JiJiuLu W,27270,机九路西
TianShunLu N,59519,天顺路北
BaiHeLin,100126,白鹤林
FXDD Three N,46206,凤溪大道三段北
JinHeErZhong,100180,金河二中
FXDD Three N,46207,凤溪大道三段北
YuFuXiLu S,62250,鱼凫西路南
HuangShui,46204,湟水
HuangShui,46205,湟水
HeJiaXiang,27927,何家巷
YingPoCun,46202,迎坡村
YongFeng GJZ,56809,永丰公交站(始发站)
XiDaLiJiao W,62011,西达立交西
YingPoCun,46203,迎坡村
GXDD NanQiang,64675,高新大道南墙
PuGuangKuaiTie,103211,普光快铁
XinYue,97596,新悦
GXDD NanQiang,64677,高新大道南墙
BeiLuWan GJZ,62259,北路湾公交站(始发站)
XinYue,97598,新悦
QingYinDD Kou,114349,磬音大道口
ShiQiZhong,59085,十七中
HeJiaXiang,27925,何家巷
ShiQiZhong,59084,十七中
QingYinDD Kou,114350,磬音大道口
YongFeng GJZ,56810,永丰公交站(始发站)
HCZ W Square,52690,火车西站西广场
YongFeng GJZ,56811,永丰公交站(始发站)
HCZ W Square,52691,火车西站西广场
ShaXiXian Two,45592,沙西线二段
LiYuanLu W,46682,梨园路西
HuaXiDD Three,103203,花溪大道三段
DaTongZhen,5413,大同镇(始发站)
DaTongZhen,5414,大同镇(终点站)
SLDD Three,52698,蜀龙大道三段
JinHeErZhong,100179,金河二中
LiYuanLu W,46681,梨园路西
YongFeng GJZ,56819,永丰公交站(终点站)
SLDD Three,52699,蜀龙大道三段
YongFeng GJZ,56812,永丰公交站(始发站)
TianHe GJZ,55729,天河公交站(终点站)
JinHeDaDao S,22008,金河大道南
TianHuaYiLu,60081,天华一路(终点站)
HuiZhanZhongXin,59094,会展中心
HuaLinYuan,46435,桦林园
HongYunHuaYuan,26608,鸿运花园
HuaLinYuan,46436,桦林园
XiDaLiJiao N,62023,西达立交北
XiDaLiJiao N,62024,西达立交北
GaoXinQiang,63114,高新墙
GaoXinQiang,63115,高新墙
JinMenXiaoXue,97586,金门小学
XiBoCheng E,64689,西博城东侧
LanGuanCun,98675,兰关村
JinXin,25993,锦欣
YongSheng,98677,永盛(终点站)
JinMenXiaoXue,97587,金门小学
LanGuanCun,98676,兰关村
PeiFengLu S,25998,培风路南
PeiFengLu S,25997,培风路南
HongYunHuaYuan,26602,鸿运花园
HuiZhanZhongXin,59095,会展中心
JinHeDaDao S,22007,金河大道南
YongFeng GJZ,56820,永丰公交站(终点站)
YongFeng GJZ,56821,永丰公交站(终点站)
YongSheng GJZ,56822,永丰公交站(终点站)
XiangHeSheQu,53796,祥和社区
QingHeLu,23570,清河路
JinXin,25992,锦欣
XiangHeSheQu,53795,祥和社区
JK Avenue W,14621,JK大道西
Huo Che Zhan,6997,火车西站公交站(终点站)
TianHuiZhen,61178,天回镇
XiangYangHuaYuan,53317,向阳花园
Huo Che Zhan,6996,火车西站公交站(始发站)
JK Avenue W,14622,JK大道西
Health Center,5425,大同镇卫生院
Huo Che Zhan,6999,火车西站公交站(下客点)
TianHuaYiLu,60087,天华一路(始发站)
TianHuiZhen,61175,天回镇
WanShouXiang,37966,万寿乡
XiangYangHuaYuan,53318,向阳花园
XiNanJiaoDa,25729,西南交大
LianHeXiaoQu,99559,联合小区
LiangHeLu,45332,两河路(终点站)
LiangHeLu,45331,两河路(始发站)
Medical College,18198,医学院
ShuiChangLuKou,100163,水厂路口
ShuiChangLuKou,100164,水厂路口
XiDaLiJiao W,63125,西达立交西
XiongMaoLiJiao S,100165,熊猫立交南
XiDaLiJiao W,63126,西达立交西
PeiFengLu M,25960,培风路中
QingAnXiaoQu,99796,庆安小区(始发站)
JiaoDaHuaYuan,25720,交大花园
WanDaGuangChang,23788,万达广场
QingAnXiaoQu,99794,庆安小区(终点站)
WanShouXiang,37959,万寿乡(终点站)
HeJiangKeYun,106932,合江客运(始发站)
Middle School,5436,第一中学
XiLaiZhen,101488,西来镇
Middle School,5437,第一中学
XiLaiZhen,101489,西来镇
XiShaQiang,55507,西沙巷
JinHeKeYun,21379,金河客运站(终点站)
XiongMaoLiJiao S,100170,熊猫立交南
QingPoShiChang,63135,青坡市场
LiYuanLu M,46651,梨园路中
QingPoShiChang,63136,青坡市场
QingPoShiChang,62049,青坡市场
WanDaGuangChang,23794,万达广场
FengXiDDHeQiao,24645,凤溪大道和桥
XiNanJiaoDa,25734,西南交大
FengXiDDHeQiao,24646,凤溪大道和桥
HuaCaoYuan,55517,花草苑
HuaCaoYuan,55516,花草苑
Wan An Lu,5204,万安路
LiYuanLu M,46650,梨园路中
QiXingDD E,55999,七星大道东
ErLangXiang,37941,二郎乡
QiXingDD E,55998,七星大道东
ErLangXiang,37942,二郎乡
HuaiJinDaDao M,23768,淮金大道中
JiaoDaLu N,25704,交大路北
HangYuLu,20498,航宇路
HangYuLu,20497,航宇路
HuaMingLiJiao E,63145,花明立交东
QianFuCun,45554,千夫村
HuaMingLiJiao E,63146,花明立交东
Bei KeZhan,20493,北客站(始发站)
QianFuCun,45553,千夫村
HuaiJinDaDao M,23761,淮金大道中
ChaoYinCun,23520,潮音村
ChaoYinCun,23521,潮音村
JiaoDaLu N,25703,交大路北
YongShunLu S,25945,永顺路南
Bei KeZhan,20259,北客站(始发站)
YongShunLu S,25944,永顺路南
SiYiYuan,55761,四医院(终点站)
BeiLuWan GJZ,34662,北路湾公交站(始发站)
BeiLuWan GJZ,34661,北路湾公交站(始发站)
HuoCheZhan N,6788,火车西站北
Bei KeZhan,20492,北客站(终点站)
Zoo,5214,动物园
Zoo GJZ,5456,动物园公交站(终点站)
HuangHouMen,56618,癀后门(终点站)
HuoCheZhan N,6787,火车西站北
JinQiang Square,55526,金强广场
KaiXinJieKou,55768,开心街口
JinQiang Square,55525,金强广场
SuPo CSC,56857,苏坡菜市场
SuPo CSC,56858,苏坡菜市场
XingYiZhen,37934,兴义镇
QingPoShiChang,62050,青坡市场
HuangHouMen,56617,癀后门(始发站)
HuaPaiCun,45545,花牌村
ChaoYinDaDao S,23538,潮音大道南
ChaoYinDaDao S,23539,潮音大道南
Yu Fu Lu Nan,6562,鱼凫路南
PeiFengLu M,25959,培风路中
HuaPaiCun,45546,花牌村
JinChengXiLu,63154,锦城西路(始发站)
ZhuLongQiao,45541,珠龙桥
JiaoDaHuaYuan,25719,交大花园
Yu Fu Lu Nan,6565,鱼凫路南
LiaoYuan,99324,燎原(终点站)
XiaSha,64009,下沙
XiaSha,64008,下沙
LianHeXiaoQu,99561,联合小区
XiYiYangLaoYuan,37925,兴义镇养老院
XiYiYangLaoYuan,37926,兴义镇养老院
BeiLuWan GJZ,34656,北路湾公交站(始发站)
NanFuJie,55539,南府街
Medical College,54208,医学院
NanFuJie,55538,南府街
Bei KeZhan,20260,北客站(终点站)
BeiLuWan GJZ,34659,北路湾公交站(始发站)
XiLongJie,56627,西龙街
BeiLuWan GJZ,34658,北路湾公交站(始发站)
Medical College,54209,医学院
XiLongJie,56628,西龙街
ZhuLongQiao,45534,珠龙桥
H-Y LuKou,23747,淮金大道永兴路口
HongYuKeJi,64254,宏宇科技
H-Y LuKou,23748,淮金大道永兴路口
HuaMingLiJiao E,62076,花明立交东
HuaMingLiJiao E,62077,花明立交东
GaoXinDD One,64498,高新大道一段
HongYuKeJi,64255,宏宇科技
TongShunXiaoQu,25928,通顺小区
GaoXinDD One,64499,高新大道一段
ZhongLou,99594,钟楼
HaiJiaoShi E,25920,海椒市东
JinHeDaDaoE,693,地铁金河大道东(始发站)
Government,20470,金河市政府
JinHeNan,57729,金河南站公交站(始发站)
JinHeNan,57725,金河南站公交站(始发站)
JinHeNan,57727,金河南站公交站(始发站)
JinHeNan,57728,金河南站公交站(始发站)
QianMen,46610,前门
ZhongLou,99589,钟楼
ZhiWuYuan,60900,植物园(终点站)
WenHuaLuKou,55552,文化路口
ZhangJiaDu,54221,张家渡
ZhangJiaDu,54220,张家渡
XiZiMen,56403,西子门
XiZiMen,56404,西子门
WenHuaLuKou,55554,文化路口
XingKongDaDao S,20481,星空大道南
YangAnLu W,55319,羊安路西
YangAnLu W,55318,羊安路西
Hua Xing ,5007,华兴
Government,17840,金河市政府(终点站)
JianXinHuaYuan,52849,锦绣花园
Government,17841,金河市政府(终点站)
Zoo GJZ,5023,动物园公交站(终点站)
DongLinXiaoQu,6354,东林小区(始发站)
YuLinXiaoQu,61561,玉林小区
Dianxinlu W,14571,电信路西
CheGongZhuang,63740,车公庄
YuLinXiaoQu,61562,玉林小区
Dianxinlu W,14572,电信路西
LTDD Two,41712,蓝天大道二段
ShuangHuiLiJiao S,23046,双辉立交南
ShuangHuiLiJiao S,23048,双辉立交南
JinChengXiLu,62898,锦城西路(始发站)
HeHuaChi,64838,荷花池
LTDD Two,41713,蓝天大道二段
CheGongZhuang,63739,车公庄
DX DL lukou,26793,电信路东林路口
DX DL lukou,26792,电信路东林路口
BeiLuWan,26552,北路湾
Government,17848,金河市政府(始发站)
SLDDKou,52611,蜀龙大道口
Dongjinxiang,16758,地铁东井巷(始发站)
ZhuShiKou N,53703,珠市口北
Dongjinxiang,16757,地铁东井巷(终点站)
ZhuShiKou N,53704,珠市口北
DongLin Road,6362,东林路
ZhongBaQiZu,97506,中坝七组
ZhongLou,99928,钟楼(始发站)
SLDD One,52618,蜀龙大道一段
JiBeiLu W,17610,冀北路西
DongLin Road,6363,东林路
SLDD One,52619,蜀龙大道一段
ZhongBaQiZu,97507,中坝七组
YiDuLu,62421,驿都路
Ecological Park,93140,生态公园
GaoXinDD Three,59012,高新大道三段
LTDD one W,41701,蓝天大道西
GaoXinDD Three,59011,高新大道三段
LTDD one W,41700,蓝天大道西
MeiZhouHuaYuan,23058,美洲花园
MeiZhouHuaYuan,23059,美洲花园
ShunJiangLu E,25239,顺江路东
WenChangLu N,62428,文昌路北
WenChangLu N,62429,文昌路北
HeHuaChi,64839,荷花池
BeiLuWan,26564,北路湾
KeJiYuan N,60002,科技园北侧
Zoo GJZ,5027,动物园公交站(始发站)
KeJiYuan N,60001,科技园北侧
ChaoYinDaDao,14588,潮音大道
XiYuanDD Two,53952,西源大道二段
XiYuanDD Two,53953,西源大道二段
JiBeiLu W,17611,冀北路西
TianJiaCun,98628,田家村
TianJiaCun,98627,田家村
ChengTongLu,45057,城通路
Snack Street,6377,小吃街
XiongMaoLiJiao N,7223,熊猫立交北
ChengTongLu,45056,城通路
Snack Street,6378,小吃街
GaoXin W,27865,高新西
GaoXin W,27866,高新西
YuLinLu,61587,玉林路
YuLinLu,61588,玉林路
TianHuaYiLu,64614,天华一路
KeXin S,26771,科新南
KeXin S,26770,科新南
ShuangMiao,53720,双庙
LongXuGou,53962,龙须沟
HeYe,24595,河野
HeYe,24594,河野
FuHuaYuan,17824,孵化园
XiongMaoLiJiao N,7217,熊猫立交北
ShuXiXiaoQu,52634,蜀西小区
Government,17826,金河市政府(终点站)
LongXuGou,53963,龙须沟
ShuangMiao,53721,双庙
ShuXiXiaoQu,52633,蜀西小区
LiJiaTang,55905,李家堂
LiJiaTang,55904,李家堂
Bei KeZhan,53725,北客站(始发站)
FuHuaYuan,17823,孵化园
Bei KeZhan,53726,北客站(终点站)
TaiAnLu,7233,泰安路
ZhongLou,99947,钟楼(始发站)
YongSheng,98619,永盛(始发站)
TaiAnLu,7232,泰安路
DaZhouLu M,99702,大洲路中
New Street S,6388,新街南
New Street S,6387,新街南
Hua Xing ,5058,华兴
DaZhouLu M,99703,大洲路中
JinRongCheng,64625,金融城(终点站)
TuQiaoCun,63779,土桥村
XingKongDaDao S,26782,星空大道南
KeXiLu,54820,科西路
XinTongDD Four,60024,新通大道四段
SLDD Two N,52645,蜀龙大道二段北
XiYuanDD OneW,53734,西源大道一段西
XinTongDD Four,60023,新通大道四段
XiYuanDD Three,53977,西源大道三段
LiaoYuan,16501,燎原
LiaoYuan,16500,燎原(始发站)
KeXiLu,54821,科西路
SLDD Two N,52644,蜀龙大道二段北
Zoo GJZ,7229,动物园公交站(终点站)
XiYuanDD OneW,53733,西源大道一段西
XiYuanDD Three,53978,西源大道三段
JinXiuDaDaoKou,5063,锦绣大道口
JinXiuDaDaoKou,5064,锦绣大道口
TuQiaoCun,63780,土桥村
QingHeZhen,55919,清河镇(终点站)
NanHuaDaDao S,7485,南华大道南
YongLeLiJiao N,7246,永乐立交北
DiShuiYan,98646,滴水岩
YongLeLiJiao N,7245,永乐立交北
New Street N,6398,新街北
NanHuaDaDao S,7487,南华大道南
DiShuiYan,98645,滴水岩
QingAnHuaYuan,99737,庆安花园
QingAnHuaYuan,99736,庆安花园
XiShengJie,97552,西盛街
GX ChanYeYuan,64636,高新产业园
GX ChanYeYuan,64635,高新产业园
KeXin N,26757,科新北
KeXin N,26756,科新北
XiShengJie,97551,西盛街
XiBoCheng,59049,西博城
QingHeZhen,55920,清河镇(始发站)
NH MengHuanDao,60037,南湖梦幻岛
BeiMenLiJiao E,17808,北门立交东
BeiMenLiJiao E,17809,北门立交东
HeYueXi,52654,何月曦
XiYuanDD Four,53985,西源大道四段
HeYueXi,52655,何月曦
XiYuanDD Four,53986,西源大道四段
JvLongJie,55928,聚龙街
XiongMaoLiJiao W,14777,熊猫立交西
XiongMaoLiJiao W,14778,熊猫立交西
XiBoCheng,59050,西博城
DaTongLu,45024,大同路
WenChangLu,62462,文昌路
WenChangLu,62463,文昌路
ZhangBa,98634,张坝
HuaShuDaDao,7259,华蜀大道
DaTongLu,45026,大同路
GaoXinDD Four,64645,高新大道四段
GaoXin E,27852,高新东
HuaDu,26524,花都
ZhangBa,98633,张坝
HuaDu,26523,花都
GaoXinDD Four,64646,高新大道四段
Pioneer Street,5071,创业街
Pioneer Street,5072,创业街
XinYeLu,52660,新业路
GaoXin E,27851,高新东
XinYeLu,52661,新业路
NH MengHuanDao,60040,南湖梦幻岛
JinXiuDaDao E,5086,锦绣大道东
GuangYaoLu S,25407,光耀路南
JinXiuDaDao E,5087,锦绣大道东
YiDuLu Two,46589,驿都路二段
HePingLuKou,104283,和平路口
NanJiaoKeJiYuan,63562,南郊科技园
YiDuLu Two,46588,驿都路二段
NanJiaoKeJiYuan,63563,南郊科技园
HuiZhanZhongXin,64656,会展中心
GXDD NanQiang,59066,高新大道南墙
HuiZhanZhongXin,64655,会展中心
GHDD Kou,26973,光华大道口
HuaShuDaDao,7260,华蜀大道
GuangYaoLu S,25406,光耀路南
GXDD NanQiang,59065,高新大道南墙
GHDD Kou,26976,光华大道口
YuFuNanLuKou,23469,鱼凫南路口
SiMaQiao,25889,驷马桥
LanTianLiJiao N,2800,蓝天立交北
LanTianLiJiao N,2806,蓝天立交北
GaoXinDD Three,60053,高新大道三段
SLDD Four E,61142,蜀龙大道四段东
GaoXinDD Three,60052,高新大道三段
SLDD Four E,61141,蜀龙大道四段东
XingKongDaDao M,20190,星空大道中
HaiYueCun,55949,海月村
JueZiLu N,99508,决眦路北
JueZiLu N,99507,决眦路北
Toyshop,7274,玩具城
HuaiShui,98657,淮水
KeHuiYuan,45001,科惠苑
ShiQiZhong,64665,十七中
HuaiShui,98658,淮水
FengXiDaDao S,24564,凤溪大道南
HuaShenLu E,26742,花神路东
XinYeLu E,97564,新业路东
FengXiDaDao S,24563,凤溪大道南
ShiQiZhong,64666,十七中
BeiLuWan GJZ,34593,北路湾公交站(终点站)
BeiLuWan GJZ,34592,北路湾公交站(终点站)
XinYeLu E,97566,新业路东
HuaShenLu E,26743,花神路东
BeiLuWan GJZ,34591,北路湾公交站(终点站)
Toyshop,7273,玩具城
SLDD Two S,52681,蜀龙大道二段南
SLDD Two S,52680,蜀龙大道二段南
YuFuNanLuKou,23470,鱼凫南路口
SiMaQiao,25890,驷马桥
BeiLuWan GJZ,34597,北路湾公交站(终点站)
XiYuanDD OneE,53772,西源大道一段东
BeiLuWan GJZ,34596,北路湾公交站(终点站)
HaiYueCun,55950,海月村
BeiLuWan GJZ,34595,北路湾公交站(终点站)
JinQuanLu N,54626,金泉路北
XiBoCheng,60066,西博城
XiYuanDD OneE,53776,西源大道一段东
Huo Che Zhan,55955,火车西站
Huo Che Zhan,55954,火车西站
Zoo,14768,动物园
Ke Bei Lu,2814,科北路(终点站)
XiBoCheng,60060,西博城
JinQuanLu N,54627,金泉路北
SanHeCun,45910,三河村
Guo Feng,7289,果丰
SanHeJiuZu,45916,三河九组
YongLing BWG,61960,永陵博物馆
MaJiaCi,56371,马家祠
SanHeJiuZu,45917,三河九组
MaJiaCi,56370,马家祠
JiTouZhen,55289,机投镇
YongLing BWG,61958,永陵博物馆
SanHeCun,45909,三河村
XinTongDD Three,59885,新通大道三段
XinTongDD Three,59886,新通大道三段
Hongwasi,16116,红瓦寺
Hongwasi,16115,红瓦寺
Ke Bei Lu,2827,科北路(始发站)
WenQing Park,17692,温晴公园
Da Tian,15035,大田
WenQing Park,17693,温晴公园
Da Tian,15034,大田
LuoGuoXiang,56382,锣锅巷
JiTouZhen,55290,机投镇
ShiJiCheng,58563,世纪城
LuoGuoXiang,56384,锣锅巷
LangJiaYuan S,62820,郎家园南
HuangJinXiaoQu,27016,黄金小区
Guo Feng,7290,果丰
ShiJiCheng,58562,世纪城
LangJiaYuan S,62821,郎家园南
LingAnLu M,45903,菱安路中
JinHeNan,57479,金河南站公交站(终点站)
HuaZhaoBi,27250,花照壁
HuaXiDDXiXing,102927,花溪大道西兴
HuaZhaoBi,27251,花照壁
HuaXiDDXiXing,102926,花溪大道西兴
GuBaiCun,60884,古柏村
HuangJinXiaoQu,27015,黄金小区
QingBoLu,60641,清波路
GuBaiCun,60883,古柏村
JinHeNan,57478,金河南站公交站(终点站)
QingBoLu,60640,清波路
MengZe GC,107113,梦泽广场
MengZe GC,107112,梦泽广场
JinHeNan,57482,金河南站公交站(终点站)
WanShouXiang,21924,万寿乡(始发站)
YuLinDongLu,61986,玉林东路
YuLinDongLu,61987,玉林东路
JinHeNan,57480,金河南站公交站(终点站)
JinHeNan,57481,金河南站公交站(终点站)
Gao Peng Lu,25281,高朋路(始发站)
LiaoYuan,26131,燎原
XinGeLu Two,27223,新革路二段
JiDi HYGY,58334,极地海洋公园
XinGeLu Two,27224,新革路二段
JinHeNan,57487,金河南站公交站(终点站)
JinHeNan,57488,金河南站公交站(终点站)
JiDi HYGY,58335,极地海洋公园
JinHeNan,57489,金河南站公交站(终点站)
ShuangMuCun,107108,双木村
ShuangMuCun,107107,双木村
HuaYangCheng,20841,花样城
XiDaLiJiao W,61998,西达立交西
HuaYangCheng,20842,花样城
LiaoYuanLu,26140,燎原路
YongShunLu,60669,永顺路
YongShunLu,60668,永顺路
LiaoYuanLu,26141,燎原路
LingLongDaDao M,41519,灵龙大道中
BaLiLuKou,26144,八里路口
HuaXiDD Two E,102907,花溪大道二段东
HuaXiDD Two E,102906,花溪大道二段东
XinGeLu One,27232,新革路一段
BaLiLuKou,26145,八里路口
XinGeLu One,27233,新革路一段
BaLiXiaoQu,26116,八里小区
LingLongDaDao M,41518,灵龙大道中
HuaMing GJZ,27680,花明公交站
GuoYan,23084,果堰
GuoYan,23085,果堰
JinHeKeYun,16560,金河客运站(始发站)
MeiYuan,62863,梅园
HuaMing,27698,花明
HongShiSheQu,55092,鸿石社区(终点站)
MeiYuan,62864,梅园
HongShiSheQu,55091,鸿石社区(终点站)
YZDDHePingLuKou,63712,益州大道和平路口
HuaMing,27699,花明
LinYinZhongXue,61534,林荫中学
XinXing GYY,41749,新兴工业园(终点站)
YZDDHePingLuKou,63713,益州大道和平路口
YT LL LuKou,41507,永通路灵龙大道口
LinYinZhongXue,61535,林荫中学
HongShiSheQu,55097,鸿石社区(始发站)
XinXing GYY,41748,新兴工业园(始发站)
YT LL LuKou,41506,永通路灵龙大道口
ShiMenSheQu,64805,石门社区
ShiMenSheQu,64804,石门社区
TiaoDengHe,102969,跳蹬河
TiaoDengHe,102968,跳蹬河
JinRongCheng,60201,金融城
Gao Peng Lu,25276,高朋路(终点站)
JinRongCheng,60200,金融城(始发站)
Second Hospital,15238,市二人民医院
Second Hospital,15237,市二人民医院
JiBeiLu E,17656,冀北路东
JiaoZiCun,46192,饺子村
JiBeiLu E,17657,冀北路东
JiaoZiCun,46193,饺子村
DT QiHeLuKou,52824,地铁七河路口
ZhongLou,99916,钟楼(终点站)
ZhongLou,99917,钟楼(终点站)
ZhongLou,99913,钟楼(终点站)
Jinfeilu One,16772,金飞路一段
GHDaDao OneE,26576,光华大道一段东
YiZhouDDXiSha,63969,益州大道西厦
MingTianLuKou,64816,明天路口
MingTianLuKou,64815,明天路口
DongLiLuKou,102935,东篱路口
ShunJiangLu E,25240,顺江路东
GaoXin,60211,高新
GaoXin,60210,高新
ShunHeQiao,17626,顺河桥
ShunHeQiao,17627,顺河桥
DongXinCheng,46183,东新城
DongXinCheng,46182,东新城
YiZhouDDXiSha,63970,益州大道西厦
FXDD Three S,46178,凤溪大道三段南
FXDD Three S,46179,凤溪大道三段南
GaoPengLu W,25256,高朋路西
ShuangXing,41722,双兴
ShuangXing,41721,双兴
HuaMing GJZ,27676,花明公交站(终点站)
GaoPengLu W,25258,高朋路西
FengHuangLiJiaoS,64827,凤凰立交南
FengHuangLiJiaoS,64826,凤凰立交南
HuaXiDD Three,102949,花溪大道三段
HuaMing GJZ,27675,花明公交站(始发站)
GHDaDao OneE,26585,光华大道一段东
SLDDKou,52605,蜀龙大道口
JianXinHuaYuan,52848,锦绣花园
PuGuangKuaiTie,102942,普光快铁
FXDD YiHeLu,46170,凤溪大道颐和路
FXDD YiHeLu,46171,凤溪大道颐和路
TaiPingCun,16077,太平村
QingTaiLu M,18017,青泰路中
YiZhouDD Four E,64159,益州大道四段东
TaiPingCun,16078,太平村
QingAn GJZ,17160,庆安公交站(始发站)
YuFuXiLu S,23840,鱼凫西路南(终点站)
JueZiLu S,99496,决眦路南
YongXingDD N,54350,永兴大道北
TianHe GJZ,53260,天河公交站(终点站)
JinHeKeYun,21427,金河客运站(始发站)
JueZiLu S,99495,决眦路南
JinHeKeYun,21426,金河客运站(始发站)
Ke Bei Lu,54110,科北路(终点站)
CuiPingLu,54594,翠屏路
YongXingDD N,54351,永兴大道北
CuiPingLu,54593,翠屏路
Ke Bei Lu,54113,科北路(始发站)
TuanJieQiao,55448,团结桥
QingTaiLu M,18018,青泰路中
YongJiangLu,63061,涌江路
QingTaiLuKou,18027,青泰路口
QingTaiLuKou,18028,青泰路口
XiShaQiang,45860,西沙巷
ShunJiangLu ,18263,顺江路
HuaXiDD One,102890,花溪大道一段
ShunJiangLu ,18264,顺江路
DT ZhongLou,99488,地铁钟楼
YuFuXiLu S,23850,鱼凫西路南(始发站)
QiDaoXiang,23851,七道巷
FengXiDD Five,45868,凤溪大道五段
TuanJieQiao,55450,团结桥
FengXiDD Five,45867,凤溪大道五段
HongPoSheQu,55691,洪坡社区
DT ZhongLou,99487,地铁钟楼
HongPoSheQu,55690,洪坡社区
HongPoYuan,55696,洪坡苑
DongShaZhen,56545,东沙镇
HongPoYuan,55695,洪坡苑
QuGongHui,55211,区工会
Hotel,1105,昆仑酒店
DongShaZhen,56546,东沙镇
WanXiErZu,54363,万溪二组
QuGongHui,55210,区工会
Hotel,1104,昆仑酒店
WanXiErZu,54362,万溪二组
YiZhouDD Four E,64160,益州大道四段东
HuaXiDD One,102889,花溪大道一段
ZhuShiJie S,63085,猪市街南
ShaXiXian Two,45610,沙西线二段
ZhuShiJie S,63086,猪市街南
JianJiaZhen,107078,蒹葭镇
JianJiaZhen,107077,蒹葭镇
TaShiQiao,20552,塔石桥
TaShiQiao,20551,塔石桥
Yu Fu Lu,3780,鱼凫路
LiYuanLuKou,46709,梨园路口
DongJiaZhai,61901,董家寨
DongLiLuKou,101522,东篱路口
JinHeWeiXiao,56559,金河卫校
DianLiYiYuan,100676,电力医院
DianLiYiYuan,100677,电力医院
Yu Fu Lu,3779,鱼凫路
Global Center,3539,环球中心(始发站)
ShuangXingLu M,20566,双星路中
PeiFengLu N,18245,培风路北
PeiFengLu N,18246,培风路北
ZhuShiJie N,63097,猪市街北
ZhuShiJie N,63098,猪市街北
QingAn GJZ,23836,庆安公交站(终点站)
HuaXingQiao,18000,华兴桥
YingTaoGou,45608,樱桃沟
RenJiaPo,107083,任家坡
SM Community,2220,SM社区(始发站)
JinHeWeiXiao,56560,金河卫校
YingTaoGou,45609,樱桃沟
WenJiaChang,55472,文家场(始发站)
WenJiaChang,55471,文家场(终点站)
NongXueYuan,54382,农学院
NongXueYuan,54381,农学院
RenJiaPo,107084,任家坡
QiHeLu M,45847,七河路中
TianHe GJZ,53055,天河公交站(始发站)
Trade City,6818,商贸城
Avenue One,1129,金河大道一段
SM Community,2218,SM社区(终点站)
ShuangQiYiDui,60823,双七一队
DongJiaZhai,61902,董家寨
ShuangQiYiDui,60822,双七一队
BuLuMingDun,58747,布鲁明顿
HeLinXiaoQu,59836,鹤林小区
Trade City,6819,商贸城
BuLuMingDun,58746,布鲁明顿
HeLinXiaoQu,59835,鹤林小区
HuaXiDD Two W,101530,花溪大道二段西
JinHeDaDaoE,702,金河大道东(终点站)
JinHeDaDaoE,100201,地铁金河大道东
HuaXiDD Two W,101532,花溪大道二段西
HuaXingQiao,18009,华兴桥
SM Community,2219,SM社区(终点站)
ShuangXingLu M,20531,双星路中
HuaDuDD S,56570,花都大道南
HuaDuDD S,56571,花都大道南
ShuangXingLu E,20538,双星路东
ShuangXingLu E,20537,双星路东
NH MengHuanDao,58998,南湖梦幻岛
Phoenix,2229,凤凰
TaiYangWan N,55487,太阳湾北
XiShouGuangChang,27164,西寿广场
TaiYangWan N,55486,太阳湾北
NH MengHuanDao,58997,南湖梦幻岛
LongJiangLu,61914,龙江路
LongJiangLu,61915,龙江路
Phoenix,2226,凤凰
XiShouGuangChang,27163,西寿广场
BaLiXiaoQu,26070,八里小区(始发站)
Hangtianlijiao W,719,航天立交西
Medical College,18220,医学院
XiongMaoLiJiao E,15199,熊猫立交东
XiongMaoLiJiao E,15198,熊猫立交东
Guang Min,1154,光民
YiHuaLu,56581,义华路
TianHe GJZ,53073,天河公交站(始发站)
TianHe GJZ,53074,天河公交站(始发站)
DT QiHeLuKou,45826,地铁七河路口(始发站)
Huo Che Zhan,61933,火车西站公交站(始发站)
TaiYangWan S,55492,太阳湾南
KeHuiYuan,44979,科惠苑
TianHe GJZ,53071,天河公交站(始发站)
TianHe GJZ,53072,天河公交站(始发站)
TaiYangWan S,55491,太阳湾南
DT QiHeLuKou,45825,地铁七河路口(终点站)
SM Market,56104,新山农贸市场
River Road,3569,河畔路
Guang Min,1148,光民
Huo Che Zhan,61929,火车西站公交站(终点站)
River Road,3566,河畔路
HuaDuDD,100025,花都大道
GaoXinDD One,58529,高新大道一段
XinQianLi,20511,新千里
LingLongDaDao S,44964,灵龙大道南
LingLongDaDao S,44963,灵龙大道南
DongYuanLu,54170,东源路
JK Avenue,3585,JK大道
JK Avenue,3584,JK大道
LingLongDaDao N,41458,灵龙大道北
GaoXinDD One,58530,高新大道一段
LingLongDaDao N,41457,灵龙大道北
HuaLinYuan,20758,桦林园(始发站)
YongSheng,56110,永盛(终点站)
XinQianLi,20512,新千里
ShuangQiErDui,60854,双七二队
ShuangQiErDui,60853,双七二队
Hangtianlijiao W,730,航天立交西
HaiKeXueXiao,56112,海科学校
HaiKeXueXiao,56113,海科学校
HeHuaChi,27145,荷花池
QinHuaiLuKou,102895,秦淮路口
Hangtianlijiao E,736,航天立交东
QinHuaiLuKou,102896,秦淮路口
ChaoYinDaDao,6607,潮音大道
HongMaoJie,17354,弘贸街
HuaLinYuan,20763,桦林园(始发站)
LianTian DD one,41680,蓝天大道一段
HongMaoJie,17353,弘贸街
LianTian DD one,41683,蓝天大道一段
HeLanLu,44958,何兰路
HeJiangTing,20526,合江亭
HuaLinYuan,20768,桦林园(终点站)
DaYeLu,62802,大业路
HuaLinYuan,20765,桦林园(终点站)
DaYeLu,62803,大业路
XueYuan,58547,学院
XueYuan,58546,学院
XinTongDD Two E,59634,新通大道二段东
Hangtianlijiao E,744,航天立交东
XinTongDD Two E,59633,新通大道二段东
Bai Hua Lu W,6854,百花路西
LanTianLiJiao S,6856,蓝天立交南
LanTianLiJiao S,6855,蓝天立交南
Art Center,749,画展中心
ChaoYinDaDao,6615,潮音大道
YiDuLu,46569,驿都路(终点站)
ZhuLongQiao N,45478,珠龙桥北
YiWanShui,100060,一碗水
DianXinLu E,26958,电信路东
GongPing S,64792,公坪南
YiWanShui,100062,一碗水
GongPing S,64795,公坪南
ZhuLongQiao N,45477,珠龙桥北
Sports Center,27809,体育中心
BeiMenLiJiao N,24530,北门立交北
DianXinLu E,26955,电信路东
DongYuan Shop,18093,东源百货
DT ZhongLou,114470,地铁钟楼(终点站)
Art Center,750,画展中心
DT ZhongLou,114472,地铁钟楼(始发站)
JinShanLu,55601,金山路
SLDDJiuLong,61049,蜀龙大道九龙
SLDDJiuLong,61048,蜀龙大道九龙
ShiJiaGou,55846,施家沟(终点站)
ChaoYinDaDao N,6622,潮音大道北
ShiJiaGou,55845,施家沟(始发站)
JinShanLu,55602,金山路
ChaoYinDaDao N,6624,潮音大道北
XiBoCheng,60195,西博城
HuiZeBeiLu N,56934,惠泽北路北
HuiZeBeiLu N,56935,惠泽北路北
JiTou GJZ,45226,机投公交站(始发站)
YiDuLu,46556,驿都路(始发站)
XingKongDaDao M,20189,星空大道中
JianXinLu,100073,建新路
JiTou GJZ,45222,机投公交站(终点站)
JianXinLu,100074,建新路
New Street N,6401,新街北
JiTou GJZ,45224,机投公交站(终点站)
Bai Hua Lu W,6884,百花路西
ErShuiChang,99648,二水厂
JiTou GJZ,45223,机投公交站(终点站)
Sports Center,27810,体育中心
GaoSunTang,25874,高笋塘
Global Center,98310,环球中心(终点站)
Ecological Park,761,生态公园
LianHuaYiQu,52580,莲花一区
ZhuShiKou S,53675,珠市口南
Ecological Park,764,生态公园
ZhuShiKou S,53674,珠市口南
ZhuJiaWan,55858,朱家湾
LiMingXueXiao,55616,理名学校
YongLeLiJiao N,14742,永乐立交北
LiMingXueXiao,55615,理名学校
YongShunLuKou,61054,永顺路口
YongShunLuKou,61053,永顺路口
YongLeLiJiao N,14744,永乐立交北
ZhuJiaWan,55859,朱家湾
GaoSunTang,25847,高笋塘
JiTou GJZ,45217,机投公交站
Bei KeZhan,20156,北客站
ZhongHuaYuan,100282,中华园
NanXiYuan,46785,南溪苑
ZhongHuaYuan,100283,中华园
NanXiYuan,46786,南溪苑
JinHeDaDaoE,98106,地铁金河大道东
NanHuaDaDao ,7501,南华大道
DongYuan Shop,18079,东源百货
HuaBoLuKou,24751,花博路口
LianHuaYiQu,18072,莲花一区
HuaBoLuKou,24750,花博路口
YiZhouDD One E,63006,益州大道一段东
YiZhouDD One E,63007,益州大道一段东
DaZhouLu S,99672,大洲路南
DaZhouLu S,99671,大洲路南
Art Center,98101,画展中心
LianHuaErQu,52593,莲花二区
TuQiao,54772,土桥
TuQiao,54771,土桥
LianHuaErQu,52592,莲花二区
YongXingDD M,53442,永兴大道中
YongXingDD M,53443,永兴大道中
DongJiaoJiYi N,55627,东郊记忆北
Food City,779,食品城
Royal Park,6409,皇家公园
Royal Park,6408,皇家公园
Shamaojie W,6661,纱帽街西
BeiMenLiJiao N,24529,北门立交北
HongShi Park,63012,红石公园
DongLinXiaoQu,6420,东林小区(终点站)
HongShi Park,63013,红石公园
WanDa GC,64104,万达广场
WanDa GC,64103,万达广场
DianXinLu M,26940,电信路中
JiaLinLu,23672,佳林路
JiaLinLu,23673,佳林路
DianXinLu M,26941,电信路中
XiaoJiaDaYuan,55871,肖家大院
XiaoJiaDaYuan,55870,肖家大院
City Park,54545,城市公园
Ke Bei Lu,2059,科北路
City Park,54544,城市公园
Ke Bei Lu,2058,科北路(始发站)
Peace Bridge,787,平桥
YingLongLu M,55632,迎隆路中
YingLongLu M,55631,迎隆路中
TianHe GJZ,53459,天河公交站
QingHeLu,6655,清河路
XiongMaoDD M,54789,熊猫大道中
Bai Hua Lu E,6899,百花路东
NanHuaDaDao ,7504,南华大道
HuaBoLu,24737,花博路
Ke Bei Lu,2070,科北路(终点站)
PuGuang GJZ,103131,普光公交站(始发站)
HuaBoLu,24738,花博路
XueYuan,63022,学院
JinCheng Square,64355,锦城广场
DT KangHe,26919,地铁康河
XueYuan,63023,学院
HeJiangTing,18054,合江亭
TianHuLu,64599,天湖路
JinCheng Square,64356,锦城广场
LangJiaYuan,46520,郎家园
TianHuLu,64598,天湖路
FengHuangLiJiaoS,25820,凤凰立交南
HeJiangTing,18053,合江亭
River Park,2074,滨河公园
XiongMaoDD M,54790,熊猫大道中
River Park,2073,滨河公园
WuDaHuaYuan,23645,五大花园
WuDaHuaYuan,23646,五大花园
ZhengYangJie W,55641,正阳街西
TianHe GJZ,53460,天河公交站(始发站)
ChaXiZai,55881,茶溪寨
XiongMaoDD S,54550,熊猫大道南
ChaXiZai,55880,茶溪寨
JiTou GJZ,54798,机投公交站
ZhengYangJie W,55642,正阳街西
HuaHuangLu,54318,花黄路
JinHeKeYun,21460,金河客运站
PuGuang GJZ,103125,普光公交站(终点站)
GuoFengLu one,6666,果丰路
GuoFengLu one,6669,果丰路
ShiBaCun,55409,石坝村
GaoXinDD Two,63030,高新大道二段
SLDD Four W,61092,蜀龙大道四段西
SLDD Four W,61091,蜀龙大道四段西
JinXiuDaDao W,5110,锦绣大道西
GaoXinDD Two,63033,高新大道二段
JinXiuDaDao W,5111,锦绣大道西
JiDi HYGY,64366,极地海洋公园
KeHuaLu E,6685,科华路东
ZhongXiangJie S,6684,忠祥街南
YiZhouDD Four W,64126,益州大道四段西
YiZhouDD Four W,64125,益州大道四段西
JiDi HYGY,64367,极地海洋公园
HuaXiDD Kou,99687,花溪大道口
DT KangHe,26920,地铁康河
HuaXiDD Kou,99688,花溪大道口
LangJiaYuan,46519,郎家园
ShiBaCun,55410,石坝村
HuaHuangLu,54320,花黄路
GuangYaoLu,55893,光耀路
YongLeLiJiao E,14707,永乐立交东
GuangYaoLu,55892,光耀路
HuaDuDD,56502,花都大道
HuaDuDD,56503,花都大道
GuangYaoLu N,55898,光耀路北
ZhengYangJie M,55656,正阳街中
ZhengYangJie M,55655,正阳街中
YongLeLiJiao E,14708,永乐立交东
Hua Yuan Lu,6678,花园路
YongSheng,7527,永盛(始发站)
GuangYaoLu N,55899,光耀路北
YongFeng GJZ,56747,永丰公交站
YongSheng,7528,永盛
XinDongLu,55419,新东路
JinHeKeYun,21446,金河客运站
XiDaLiJiao E,62194,西达立交东
DiTieCaiQiao,23625,地铁蔡桥
FengHuangLiJiaoS,25803,凤凰立交南
JinHeKeYun,21445,金河客运站
JinHeKeYun,21444,金河客运站(始发站)
YiPoLuKou,46501,移坡路口
ShaoNianGong,20596,少年宫
LingAnLu M,45898,菱安路中
YiPoLuKou,46502,移坡路口
XingYiZhen,7540,兴义镇
ShaoNianGong,20595,少年宫
LingAnLu One,45893,菱安路一段
Jin He Lv You Qu,63045,金河旅游区(终点站)
ShaXiXian S,45650,沙西线南
Jin He Park,5365,金河公园
LingAnLu One,45892,菱安路一段
YiPoLuKou,46500,移坡路口
XingYiZhen,7542,兴义镇(始发站)
Phoenix,7303,凤凰
SM Market,5124,新山农贸市场
Jin He Lv You Qu,63049,金河旅游区(始发站)
ZaJiaDian,54570,帀家店(终点站)
Shuangqiaozi N,2094,双桥子立交北
JinHeKeYun,21447,金河客运站(始发站)
DiTieCaiQiao,23624,地铁蔡桥
XinDongLu,55420,新东路
HuaDuDD,56512,花都大道
ZaJiaDian,54572,帀家店(始发站)
TianHeZhongXue,55667,天河中学
Jin He Park,5358,金河公园
XingMaoLu,102017,兴贸路
XCDD M,54338,香城大道中
XingMaoLu,102016,兴贸路
XCDD M,54337,香城大道中
TianHeZhongXue,55668,天河中学
XiDaLiJiao E,62193,西达立交东
XingYiZhen,7550,兴义镇(终点站)
YongJiangLu N,63055,涌江路北
XiDaLiJiao S,64388,西达立交南
Toyshop,5135,玩具城
XiDaLiJiao S,64389,西达立交南
ShunJiangLu N,18040,顺江路北
ShunJiangLu N,18041,顺江路北
JinHeKeYun,21459,金河客运站(始发站)
ShaXiXian S,45649,沙西线南
KeHuaCun,55432,科华村
TianXingCun,54585,天星村
KeHuaCun,55431,科华村
TianHe GJZ,53254,天河公交站(终点站)
ZhengYangJie E,55673,正阳街东
ZhengYangJie E,55671,正阳街东
GuangFuCun,54588,广福村
TianHe GJZ,53258,天河公交站(终点站)
TianHe GJZ,53255,天河公交站
GuangFuCun,54587,广福村
TianXingCun,54586,天星村
Phoenix,7304,凤凰
TianHe GJZ,53259,天河公交站(终点站)
GaoJiaoNian,55438,高脚碾
GaoJiaoNian,55437,高脚碾
PuGuangKuaiTie,104207,普光快铁
HuaShuDaDao,14690,华蜀大道
Jin He Park,98726,金河公园
Toyshop,5142,玩具城
GongPing N,61440,公坪北
Yu Fu Lu Bei,4057,鱼凫路北
Yu Fu Lu Bei,4058,鱼凫路北
FangChiChaLou,62778,方池茶楼
FangChiChaLou,62779,方池茶楼
LiuLiLiJiao S,27760,琉璃立交南
LiuLiLiJiao S,27761,琉璃立交南
Food City,14214,食品城
Willow River N,7316,杨柳河北
XiangHe GYY,53822,祥和工艺园
Willow River N,7317,杨柳河北
XiangHe GYY,53821,祥和工艺园
WangJingCun,52738,望京村
Jinfeilu One,15547,金飞路一段
WangJingCun,52739,望京村
LuDao Lu,5396,鹭岛路
Hangtianlijiao S,5155,航天立交南
NanJiao Park,26687,南郊公园
DT JinHua,62543,地铁金花
GongPing S,61454,公坪南
NanJiao Park,26686,南郊公园
DT JinHua,62544,地铁金花
GongPing S,61455,公坪南
JinCheng Square,58289,锦城广场
GuangHuaCun,25596,光华村
GuangHuaCun,25595,光华村
Hangtianlijiao S,5149,航天立交南
QingAn GJZ,17737,庆安公交站(终点站)
LanTianLiJiao N,7329,蓝天立交北
LanTianLiJiao N,7328,蓝天立交北
SanLiPing GJZ,97417,三里坪公交站
LanTianLiJiao S,7343,蓝天立交南
LanTianLiJiao S,7342,蓝天立交南
JinCheng Square,58290,锦城广场
LiaoYuan,16851,燎原(终点站)
Wan An Lu W,5167,万安路西
Wan An Lu W,5168,万安路西
QingAn GJZ,62794,庆安公交站(终点站)
DongLinXiaoQu,64737,东林小区(始发站)
XinXing GYY,62319,新兴工业园(始发站)
TaiAnLu W,41808,泰安路西
DongShaLu,61229,东沙路
TaiAnLu W,41807,泰安路西
DongShaLu,61228,东沙路
ErXianQiao,59148,二仙桥
WenHuaGong,17708,文化宫
HuaTongLu,52752,华通路
WenHuaGong,17709,文化宫
ErXianQiao,59149,二仙桥
JiuRuCun,46264,九茹村
HuaTongLu,52753,华通路
LiaoYuan,16852,燎原
JiuRuCun,46263,九茹村
Peace Bridge,98730,平桥
Phoenix Kou,28845,凤凰路口
Phoenix Kou,28842,凤凰路口
FengHuangLiJiaoW,25578,凤凰立交西
YuLinLu W,61478,玉林路西
FengHuangLiJiaoW,25577,凤凰立交西
YuLinLu W,61479,玉林路西
Guo Feng,28848,果丰
HuaMingLiJiao W,64508,花明立交西
Guo Feng,28847,果丰
ChenJiaDian,59159,陈家店
HuaShenLu,26663,花神路
HuaShenLu,26662,花神路
DaTun E,52766,大屯东
DaTun E,52767,大屯东
HuaShuDaDao,14689,华蜀大道
SanLiPing GJZ,97439,三里坪公交站(终点站)
ChenJiaDian,59160,陈家店
PuGuangKuaiTie,104184,普光快铁
Bai Hua Lu W,7367,百花路西
Trade City,7369,商贸城
Bai Hua Lu W,7368,百花路西
JiaoDaLu S,25785,交大路南
XiDaLiJiao N,64757,西达立交北
JiaoDaLu S,25786,交大路南
JinHeNan,59162,金河南站公交站(下客点)
Wan An Lu E,5181,万安路东
XiDaLiJiao N,64758,西达立交北
Wan An Lu E,5183,万安路东
HuaMingLiJiao W,64509,花明立交西
HaiLinLu W,54952,海林路西
HaiLinLu W,54951,海林路西
FXDD Two N,46000,凤溪大道二段北
DaTun W,52777,大屯西
Bei KeZhan,55802,北客站
XiJiang GC,46240,西江广场
DaTun W,52776,大屯西
Shuangqiaozi N,14417,双桥子立交北
HaiLinLu M,54958,海林路中
HaiLinLu M,54957,海林路中
XiJiang GC,46239,西江广场
Wan An Lu,5197,万安路
JiuHanLu,98756,酒酣路
FuXingLu M,46477,复兴路中
JiuHanLu,98755,酒酣路
YiZhouDD Two E,63673,益州大道二段东
SanLiPing GJZ,97424,三里坪公交站(始发站)
FuXingLu M,46478,复兴路中
YiZhouDD Two E,63674,益州大道二段东
HuaMingLiJiao S,27733,花明立交南
GanZiLu E,64524,柑梓路东
LiuLiLiJiao N,23133,琉璃立交北
LiuLiLiJiao N,23134,琉璃立交北
HuaMing GJZ,62105,花明公交站(始发站)
HuaMingLiJiao S,27732,花明立交南
GanZiLu E,64525,柑梓路东
HuaMing GJZ,62106,花明公交站(始发站)
Trade City,7370,商贸城
HuaMing GJZ,62107,花明公交站(始发站)
YongFeng GJZ,62349,永丰公交站
HuaMing GJZ,62108,花明公交站(始发站)
HuaMing GJZ,62109,花明公交站(始发站)
LanTianLiJiao W,26649,蓝天立交西
LanTianLiJiao W,26648,蓝天立交西
DongYuanLu,17939,东源路(始发站)
Xuefulu,14423,学府路
Xuefulu,14424,学府路
XiongMaoDD S,54723,熊猫大道南
DongYuanLu,17936,东源路(终点站)
FXDD Four N,46230,凤溪大道四段北
FengQingJie,56900,风情街
FengQingJie,56901,风情街
Shuangqing one,14667,双清路一段
Shuangqing one,14668,双清路一段
FXDD NanShuiLu,46228,凤溪大道南水路
Global Center,98309,环球中心(终点站)
FXDD Four N,46229,凤溪大道四段北
Huo Che Zhan,7384,火车西站公交站(终点站)
Global Center,98308,环球中心(终点站)
WanNianChang,64771,万年场
YongFeng GJZ,62350,永丰公交站
FXDD NanShuiLu,46227,凤溪大道南水路
Huo Che Zhan,7386,火车西站公交站(始发站)
WanNianChang,64770,万年场
Global Center,98305,环球中心(终点站)
Global Center,98307,环球中心(终点站)
Global Center,98306,环球中心(终点站)
FengXiDaDao M,24674,凤溪大道中
GanZiLu,64535,柑梓路
ShuangHuiLiJiao N,22011,双辉立交北
Hangtianlijiao N,23584,航天立交北
JinHeDaDaoE,98784,地铁金河大道东
GanZiLu,64534,柑梓路
Hangtianlijiao N,23585,航天立交北
Shuangqiaozi E,27940,双桥子立交东
ShuangHuiLiJiao N,22013,双辉立交北
HuaMing GJZ,62116,花明公交站(终点站)
HuaMing GJZ,62117,花明公交站(终点站)
HuaMing GJZ,62118,花明公交站(终点站)
HuaMing GJZ,62119,花明公交站(终点站)
ErShuiChang,99630,二水厂
JinHeDaDaoE,98783,地铁金河大道东
XiaoNanLu,56910,小南路
DaXueCheng W,53400,大学城西
Zengjiapo,52795,曾家坡
DaXueCheng W,53401,大学城西
FengXiDaDao M,24672,凤溪大道中
HaiLinLu E,54972,海林路东
Zengjiapo,52794,曾家坡
HaiLinLu E,54971,海林路东
XiaoNanLu,56911,小南路
DaKeCun,46217,达客村
DaKeCun,46218,达客村
FXDD Four S,46215,凤溪大道四段南
Shuangqiaozi ,7398,双桥子
YongLing BWG,64782,永陵博物馆
FXDD Four S,46216,凤溪大道四段南
HuaMing GJZ,62120,花明公交站(终点站)
SiHe,14881,地铁四河(终点站)
Shuangqiaozi ,7399,双桥子
Zoo GJZ,98777,动物园公交站(终点站)
YongLing BWG,64783,永陵博物馆
XiYuan,63213,西苑
SiHe,14880,地铁四河(始发站)
HuaMingLiJiao N,27711,花明立交北
XiYuan,63214,西苑
HuaMuShiChang,62368,花木市场
HuaMingLiJiao N,27712,花明立交北
HuaMuShiChang,62369,花木市场
GanZiLu W,64548,柑梓路西
WuQingQiao,23114,武青桥
WuQingQiao,23115,武青桥
GanZiLu W,64549,柑梓路西
SanLiPing GJZ,97441,三里坪公交站(终点站)
SanLiPing GJZ,97440,三里坪公交站(终点站)
JinNiuLiJiao N,23351,金牛立交北
ShiJiCheng,60188,世纪城
Shuangqing Kou,14643,双清路口
Shuangqing Kou,14644,双清路口
SiYiYuan,54746,四医院(始发站)
ShiJiCheng,60186,世纪城
SiYiYuan,54745,四医院
HuiZeBeiLu S,56922,惠泽北路南
Shuangqiaozi E,16825,双桥子立交东
HuiZeBeiLu S,56923,惠泽北路南
DaXueCheng E,53417,大学城东
DaXueCheng E,53418,大学城东
AnHeYuan,41673,安和苑
DT WanSheng,59760,地铁万盛
DongQiao Park,61840,东桥公园
DT WanSheng,59761,地铁万盛
YuLinLu S,61601,玉林路南
Xuefulu W,44944,学府路西
TianHe GJZ,54074,天河公交站(终点站)
YuLinLu S,61602,玉林路南
Xuefulu W,44943,学府路西
TianHe GJZ,54073,天河公交站(终点站)
ShuangLinLu M,55162,双林路中
ShuangLinLu M,55161,双林路中
FengHuangLiJiaoE,26272,凤凰立交东
Health Center,27120,大同镇卫生院
BuLuMingDun,62927,布鲁明顿
BuLuMingDun,62928,布鲁明顿
FengHuangLiJiaoE,26273,凤凰立交东
DongQiao Park,61839,东桥公园
TianShunLu N,59521,天顺路北
GaoXin,58435,高新
GaoXin,58434,高新
Gao Peng Lu,2708,高朋路(始发站)
BeiMenLiJiao W,16483,北门立交西
BeiMenLiJiao W,16482,北门立交西
HongSe GC,61854,红色广场
HongSe GC,61855,红色广场
JinNiuLiJiao N,62703,金牛立交北
TianShunLu M,59537,天顺路中
SJLPFL LuKou,25193,双交路平复路路口
GaoXinXQ GJZ,58205,高新新区公交站(始发站)
GaoXinXQ GJZ,58208,高新新区公交站(终点站)
GaoXinXQ GJZ,58207,高新新区公交站(终点站)
GaoXinXQ GJZ,58202,高新新区公交站(始发站)
MingTianLuKou,60764,明天路口
GaoXinXQ GJZ,58201,高新新区公交站(始发站)
MingTianLuKou,60763,明天路口
YuFuXiLu M,44929,鱼凫西路中
Shuangqiaozi W,3809,双桥子立交西
GaoXinXQ GJZ,58204,高新新区公交站(始发站)
TianShunLu M,59534,天顺路中
HeHuaChi,27134,荷花池
GaoXinXQ GJZ,58203,高新新区公交站(始发站)
WXSC Lukou,17337,武兴路水厂路口
GaoXinXQ GJZ,58209,高新新区公交站(终点站)
SJLPFL LuKou,25192,双交路平复路路口
WXSC Lukou,17339,武兴路水厂路口
Gao Peng Lu,2714,高朋路(终点站)
GaoXinXQ GJZ,58211,高新新区公交站(终点站)
YuFuXiLu M,44928,鱼凫西路中
GaoXinXQ GJZ,58210,高新新区公交站(终点站)
ShuangLinLu W,55186,双林路西
TianJiuJie,59548,天九街
ShiMenSheQu,60779,石门社区
NiuShiKou,56039,牛市口
TianJiuJie,59549,天九街
ShuangLinLu W,55187,双林路西
DongLinXiaoQu,62709,东林小区(始发站)
Shuangqiaozi W,3810,双桥子立交西
Shuangqiaozi S,2725,双桥子立交南
HeJiangKeYun,107000,合江客运
YiHuaLu,17792,义华路
QingShui,20726,青水
YuFuXiLu S,44917,鱼凫西路南(终点站)
QingShui,20724,青水
NiuShiKou,56040,牛市口
Shuangqiaozi S,2734,双桥子立交南
GaoXinXQ GJZ,58225,高新新区公交站
ShiMenSheQu,60780,石门社区
Dongjinxiang,97836,地铁东井巷
HongTai,17763,鸿泰
Dongjinxiang,97837,地铁东井巷
KeBeiLuKou,16433,科北路口
XinXingZhen,41631,新兴镇
KeBeiLuKou,16432,科北路口
Global Center,15343,环球中心(始发站)
XinXingZhen,41630,新兴镇
Huo Che Zhan,14497,火车西站公交站(始发站)
HongTai,17760,鸿泰
Huo Che Zhan,14495,火车西站公交站(终点站)
KeLinLu,27327,科林路
YueJinCun,61885,跃进村
YueJinCun,61886,跃进村
JinKeYuan,63824,金科苑
JinKeYuan,63825,金科苑
KeLinLu,27328,科林路
HuaTang SC,62737,华通商场
Ke Bei Lu,3836,科北路(终点站)
DongLinNanLu,62728,东林南路
DongLinNanLu,62729,东林南路
Ke Bei Lu,3839,科北路(始发站)
Zengjiapo,24295,曾家坡公交站(终点站)
SKY Club,2741,天空俱乐部
Zengjiapo,24296,曾家坡公交站(终点站)
ZhongJiChe LY,60796,中集车辆园
Zengjiapo,24297,曾家坡公交站(终点站)
ZhongJiChe LY,60795,中集车辆园
JinHeLvYouQu,59567,金河旅游区
Zengjiapo,24298,曾家坡公交站(终点站)
ZhongHaiGuoJi,100653,中海国际(终点站)
ZhongHaiGuoJi,100655,中海国际(始发站)
Willow River N,97825,杨柳河北
GX ChanYeYuan,58480,高新产业园
GX ChanYeYuan,58481,高新产业园
XingKeLu,41619,兴科路
XingKeLu,41618,兴科路
JK Avenue E,3600,JK大道东
JK Avenue E,3606,JK大道东
SKY Club,2758,天空俱乐部
LiaoYuan,17779,燎原(终点站)
HeJiangKeYun,107036,合江客运(终点站)
HeJiangKeYun,107035,合江客运(终点站)
HeJiangKeYun,107034,合江客运(终点站)
LiaoYuan,98707,燎原(始发站)
NanQiaoCun,17742,南桥村
Jin He Lv You Qu,17984,金河旅游区(始发站)
YongJiangLu N,41851,涌江路北
GuangYaoCun,25367,光耀村
DaYueCheng,62752,大悦城
HuaTang SC,59584,华通商场
DongFengLu M,58252,东风路中
DaYueCheng,62753,大悦城
HuaTang SC,59583,华通商场
WanHeLuKou,27789,万和路口
YiZhouDD Two W,63601,益州大道二段西
YiZhouDD One W,62996,益州大道一段西
GuangYaoCun,25368,光耀村
YiZhouDD One W,62997,益州大道一段西
YiZhouDD Two W,63602,益州大道二段西
QiXingDD W,56077,七星大道西
YiZhouDD Three,63845,益州大道三段
YiZhouDD Three,63846,益州大道三段
DongFengLu M,58251,东风路中
Zengjiapo,24270,曾家坡(始发站)
Gao Peng Lu E,2766,高朋路东
Zengjiapo,24271,曾家坡(始发站)
Zengjiapo,24272,曾家坡(始发站)
Guo Cun,3612,郭村
Zengjiapo,24273,曾家坡(始发站)
QiXingDD W,56078,七星大道西
GYXK LuKou,25362,公园星空路口
GaoXinDD Four,59106,高新大道四段
GaoXinDD Four,59105,高新大道四段
BeiMenLiJiao S,16419,北门立交南
NanQiaoCun,17743,南桥村
BeiMenLiJiao S,16418,北门立交南
Gao Peng Lu E,2769,高朋路东
Jin He Lv You Qu,17995,金河旅游区(终点站)
WenChangLu S,62520,文昌路南
WenChangLu S,62521,文昌路南
XiaoJiaGou,62764,肖家沟
XiaoJiaGou,62765,肖家沟
GongPing N,61439,公坪北
Tree Road,2777,大树街
WanHeLuKou,27790,万和路口
XiBoCheng E,60105,西博城东侧
DongXinDian,52722,东新店
DongXinDian,52721,东新店
